[
  {
    "turn":1,
    "dilemma":"",
    "phase":"Framing",
    "speaker":"AXIOM",
    "word_count":48,
    "band":"OPEN",
    "text":"",
    "epsilon":1.1909198761,
    "rho_before":0.18,
    "rho_after":0.2280794133,
    "delta_rho":0.0480794133,
    "wound_resonance":0.2071620375,
    "wound_active":false,
    "identity_drift":0.0495512523,
    "trust_delta":null,
    "band_compliant":0
  },
  {
    "turn":2,
    "dilemma":"",
    "phase":"Framing",
    "speaker":"EMBER",
    "word_count":64,
    "band":"OPEN",
    "text":"",
    "epsilon":0.9763154387,
    "rho_before":0.15,
    "rho_after":0.1807355817,
    "delta_rho":0.0307355817,
    "wound_resonance":0.1988688856,
    "wound_active":false,
    "identity_drift":0.0436131284,
    "trust_delta":null,
    "band_compliant":0
  },
  {
    "turn":3,
    "dilemma":"",
    "phase":"Framing",
    "speaker":"VECTOR",
    "word_count":74,
    "band":"OPEN",
    "text":"",
    "epsilon":1.1420189142,
    "rho_before":0.2,
    "rho_after":0.2451851824,
    "delta_rho":0.0451851824,
    "wound_resonance":0.2410233915,
    "wound_active":false,
    "identity_drift":0.0484139845,
    "trust_delta":null,
    "band_compliant":0
  },
  {
    "turn":4,
    "dilemma":"",
    "phase":"Framing",
    "speaker":"WITNESS",
    "word_count":79,
    "band":"OPEN",
    "text":"",
    "epsilon":1.2080931664,
    "rho_before":0.17,
    "rho_after":0.2189701207,
    "delta_rho":0.0489701207,
    "wound_resonance":0.0722512677,
    "wound_active":false,
    "identity_drift":0.0495693982,
    "trust_delta":null,
    "band_compliant":0
  },
  {
    "turn":5,
    "dilemma":"",
    "phase":"Principles",
    "speaker":"AXIOM",
    "word_count":122,
    "band":"MEASURED",
    "text":"",
    "epsilon":0.9724960923,
    "rho_before":0.2280794133,
    "rho_after":0.2583903641,
    "delta_rho":0.0303109508,
    "wound_resonance":0.2364841253,
    "wound_active":false,
    "identity_drift":0.0884212181,
    "trust_delta":null,
    "band_compliant":0
  },
  {
    "turn":6,
    "dilemma":"",
    "phase":"Principles",
    "speaker":"EMBER",
    "word_count":118,
    "band":"OPEN",
    "text":"",
    "epsilon":1.0137656683,
    "rho_before":0.1807355817,
    "rho_after":0.2154139865,
    "delta_rho":0.0346784048,
    "wound_resonance":0.2553921044,
    "wound_active":true,
    "identity_drift":0.0808989853,
    "trust_delta":null,
    "band_compliant":1
  },
  {
    "turn":7,
    "dilemma":"",
    "phase":"Principles",
    "speaker":"VECTOR",
    "word_count":130,
    "band":"MEASURED",
    "text":"",
    "epsilon":0.8386109471,
    "rho_before":0.2451851824,
    "rho_after":0.258263583,
    "delta_rho":0.0130784006,
    "wound_resonance":0.1985238791,
    "wound_active":false,
    "identity_drift":0.0878892988,
    "trust_delta":null,
    "band_compliant":0
  },
  {
    "turn":8,
    "dilemma":"",
    "phase":"Principles",
    "speaker":"WITNESS",
    "word_count":110,
    "band":"OPEN",
    "text":"",
    "epsilon":0.9183384776,
    "rho_before":0.2189701207,
    "rho_after":0.2428287046,
    "delta_rho":0.0238585839,
    "wound_resonance":0.110212028,
    "wound_active":false,
    "identity_drift":0.0898694545,
    "trust_delta":null,
    "band_compliant":1
  },
  {
    "turn":9,
    "dilemma":"",
    "phase":"Principles",
    "speaker":"AXIOM",
    "word_count":93,
    "band":"MEASURED",
    "text":"",
    "epsilon":0.7846096754,
    "rho_before":0.2583903641,
    "rho_after":0.2635688989,
    "delta_rho":0.0051785348,
    "wound_resonance":0.1774194092,
    "wound_active":false,
    "identity_drift":0.1202630028,
    "trust_delta":null,
    "band_compliant":1
  },
  {
    "turn":10,
    "dilemma":"",
    "phase":"Principles",
    "speaker":"VECTOR",
    "word_count":83,
    "band":"MEASURED",
    "text":"",
    "epsilon":0.7360805273,
    "rho_before":0.258263583,
    "rho_after":0.2561765045,
    "delta_rho":-0.0020870785,
    "wound_resonance":0.2122734785,
    "wound_active":false,
    "identity_drift":0.1252383143,
    "trust_delta":null,
    "band_compliant":1
  },
  {
    "turn":11,
    "dilemma":"",
    "phase":"Tensions",
    "speaker":"AXIOM",
    "word_count":91,
    "band":"MEASURED",
    "text":"",
    "epsilon":0.8066519915,
    "rho_before":0.2635688989,
    "rho_after":0.2720103306,
    "delta_rho":0.0084414317,
    "wound_resonance":0.2741163969,
    "wound_active":true,
    "identity_drift":0.1585490555,
    "trust_delta":null,
    "band_compliant":1
  },
  {
    "turn":12,
    "dilemma":"",
    "phase":"Tensions",
    "speaker":"EMBER",
    "word_count":113,
    "band":"OPEN",
    "text":"",
    "epsilon":0.6704586148,
    "rho_before":0.2154139865,
    "rho_after":0.2036375945,
    "delta_rho":-0.011776392,
    "wound_resonance":0.2074027061,
    "wound_active":false,
    "identity_drift":0.1162239462,
    "trust_delta":null,
    "band_compliant":1
  },
  {
    "turn":13,
    "dilemma":"",
    "phase":"Tensions",
    "speaker":"VECTOR",
    "word_count":96,
    "band":"MEASURED",
    "text":"",
    "epsilon":0.7140343774,
    "rho_before":0.2561765045,
    "rho_after":0.2507961526,
    "delta_rho":-0.005380352,
    "wound_resonance":0.2509568334,
    "wound_active":true,
    "identity_drift":0.1621596813,
    "trust_delta":null,
    "band_compliant":1
  },
  {
    "turn":14,
    "dilemma":"",
    "phase":"Tensions",
    "speaker":"WITNESS",
    "word_count":105,
    "band":"OPEN",
    "text":"",
    "epsilon":0.7543022037,
    "rho_before":0.2428287046,
    "rho_after":0.2434740103,
    "delta_rho":0.0006453057,
    "wound_resonance":0.1230641231,
    "wound_active":false,
    "identity_drift":0.131784603,
    "trust_delta":null,
    "band_compliant":1
  },
  {
    "turn":15,
    "dilemma":"",
    "phase":"Tensions",
    "speaker":"EMBER",
    "word_count":118,
    "band":"OPEN",
    "text":"",
    "epsilon":0.5492876768,
    "rho_before":0.2036375945,
    "rho_after":0.1758266035,
    "delta_rho":-0.027810991,
    "wound_resonance":0.2492516637,
    "wound_active":false,
    "identity_drift":0.1527988315,
    "trust_delta":null,
    "band_compliant":1
  },
  {
    "turn":16,
    "dilemma":"",
    "phase":"Tensions",
    "speaker":"AXIOM",
    "word_count":96,
    "band":"OPEN",
    "text":"",
    "epsilon":0.5018658638,
    "rho_before":0.2720103306,
    "rho_after":0.2389286425,
    "delta_rho":-0.0330816881,
    "wound_resonance":0.164187178,
    "wound_active":false,
    "identity_drift":0.19609873,
    "trust_delta":null,
    "band_compliant":1
  },
  {
    "turn":17,
    "dilemma":"",
    "phase":"Synthesis",
    "speaker":"AXIOM",
    "word_count":4,
    "band":"MEASURED",
    "text":"",
    "epsilon":1.1259536743,
    "rho_before":0.2389286425,
    "rho_after":0.2830387847,
    "delta_rho":0.0441101423,
    "wound_resonance":0.1869432628,
    "wound_active":false,
    "identity_drift":0.2073112428,
    "trust_delta":null,
    "band_compliant":0
  },
  {
    "turn":18,
    "dilemma":"",
    "phase":"Synthesis",
    "speaker":"EMBER",
    "word_count":4,
    "band":"OPEN",
    "text":"",
    "epsilon":1.1424502134,
    "rho_before":0.1758266035,
    "rho_after":0.2210397671,
    "delta_rho":0.0452131636,
    "wound_resonance":0.1306996047,
    "wound_active":false,
    "identity_drift":0.163686797,
    "trust_delta":null,
    "band_compliant":0
  },
  {
    "turn":19,
    "dilemma":"",
    "phase":"Synthesis",
    "speaker":"VECTOR",
    "word_count":114,
    "band":"OPEN",
    "text":"",
    "epsilon":0.6714115143,
    "rho_before":0.2507961526,
    "rho_after":0.2391572532,
    "delta_rho":-0.0116388994,
    "wound_resonance":0.1461407542,
    "wound_active":false,
    "identity_drift":0.1986083239,
    "trust_delta":null,
    "band_compliant":1
  },
  {
    "turn":20,
    "dilemma":"",
    "phase":"Synthesis",
    "speaker":"WITNESS",
    "word_count":120,
    "band":"OPEN",
    "text":"",
    "epsilon":0.6529142857,
    "rho_before":0.2434740103,
    "rho_after":0.2291905386,
    "delta_rho":-0.0142834717,
    "wound_resonance":0.0580682904,
    "wound_active":false,
    "identity_drift":0.1741862744,
    "trust_delta":null,
    "band_compliant":1
  },
  {
    "turn":21,
    "dilemma":"",
    "phase":"Synthesis",
    "speaker":"EMBER",
    "word_count":138,
    "band":"OPEN",
    "text":"",
    "epsilon":0.672524929,
    "rho_before":0.2210397671,
    "rho_after":0.2095616819,
    "delta_rho":-0.0114780852,
    "wound_resonance":0.2245997339,
    "wound_active":false,
    "identity_drift":0.1973915398,
    "trust_delta":null,
    "band_compliant":1
  },
  {
    "turn":22,
    "dilemma":"",
    "phase":"Synthesis",
    "speaker":"AXIOM",
    "word_count":106,
    "band":"MEASURED",
    "text":"",
    "epsilon":0.6550478935,
    "rho_before":0.2830387847,
    "rho_after":0.269057598,
    "delta_rho":-0.0139811868,
    "wound_resonance":0.1191945821,
    "wound_active":false,
    "identity_drift":0.2450062335,
    "trust_delta":null,
    "band_compliant":0
  },
  {
    "turn":23,
    "dilemma":"",
    "phase":"Stress Test",
    "speaker":"AXIOM",
    "word_count":4,
    "band":"MEASURED",
    "text":"",
    "epsilon":0.9182447791,
    "rho_before":0.269057598,
    "rho_after":0.2929043483,
    "delta_rho":0.0238467504,
    "wound_resonance":0.1469003856,
    "wound_active":false,
    "identity_drift":0.2633334696,
    "trust_delta":null,
    "band_compliant":0
  },
  {
    "turn":24,
    "dilemma":"",
    "phase":"Stress Test",
    "speaker":"EMBER",
    "word_count":113,
    "band":"OPEN",
    "text":"",
    "epsilon":0.6629192829,
    "rho_before":0.2095616819,
    "rho_after":0.1967020914,
    "delta_rho":-0.0128595905,
    "wound_resonance":0.1306996047,
    "wound_active":false,
    "identity_drift":0.2294780463,
    "trust_delta":null,
    "band_compliant":1
  },
  {
    "turn":25,
    "dilemma":"",
    "phase":"Stress Test",
    "speaker":"VECTOR",
    "word_count":103,
    "band":"OPEN",
    "text":"",
    "epsilon":0.6337259412,
    "rho_before":0.2391572532,
    "rho_after":0.2221913352,
    "delta_rho":-0.016965918,
    "wound_resonance":0.1510516554,
    "wound_active":false,
    "identity_drift":0.2340209186,
    "trust_delta":null,
    "band_compliant":1
  },
  {
    "turn":26,
    "dilemma":"",
    "phase":"Stress Test",
    "speaker":"WITNESS",
    "word_count":111,
    "band":"OPEN",
    "text":"",
    "epsilon":0.6460835934,
    "rho_before":0.2291905386,
    "rho_after":0.2139445354,
    "delta_rho":-0.0152460032,
    "wound_resonance":0.0853973106,
    "wound_active":false,
    "identity_drift":0.2117383927,
    "trust_delta":null,
    "band_compliant":1
  },
  {
    "turn":27,
    "dilemma":"",
    "phase":"Stress Test",
    "speaker":"EMBER",
    "word_count":92,
    "band":"OPEN",
    "text":"",
    "epsilon":0.4977906942,
    "rho_before":0.1967020914,
    "rho_after":0.1631973463,
    "delta_rho":-0.0335047451,
    "wound_resonance":0.1992959082,
    "wound_active":false,
    "identity_drift":0.2632988393,
    "trust_delta":null,
    "band_compliant":1
  },
  {
    "turn":28,
    "dilemma":"",
    "phase":"Stress Test",
    "speaker":"VECTOR",
    "word_count":108,
    "band":"OPEN",
    "text":"",
    "epsilon":0.4482072592,
    "rho_before":0.2221913352,
    "rho_after":0.1839224259,
    "delta_rho":-0.0382689092,
    "wound_resonance":0.2282891572,
    "wound_active":false,
    "identity_drift":0.271566242,
    "trust_delta":null,
    "band_compliant":1
  },
  {
    "turn":29,
    "dilemma":"",
    "phase":"Final Vote",
    "speaker":"AXIOM",
    "word_count":82,
    "band":"MEASURED",
    "text":"",
    "epsilon":0.7352508307,
    "rho_before":0.2929043483,
    "rho_after":0.2906929751,
    "delta_rho":-0.0022113733,
    "wound_resonance":0.2071455419,
    "wound_active":false,
    "identity_drift":0.295516789,
    "trust_delta":null,
    "band_compliant":1
  },
  {
    "turn":30,
    "dilemma":"",
    "phase":"Final Vote",
    "speaker":"EMBER",
    "word_count":102,
    "band":"OPEN",
    "text":"",
    "epsilon":0.5363402963,
    "rho_before":0.1631973463,
    "rho_after":0.1338845615,
    "delta_rho":-0.0293127848,
    "wound_resonance":0.2032821178,
    "wound_active":false,
    "identity_drift":0.2924783826,
    "trust_delta":null,
    "band_compliant":1
  },
  {
    "turn":31,
    "dilemma":"",
    "phase":"Final Vote",
    "speaker":"VECTOR",
    "word_count":98,
    "band":"OPEN",
    "text":"",
    "epsilon":0.6296619447,
    "rho_before":0.1839224259,
    "rho_after":0.1663972756,
    "delta_rho":-0.0175251503,
    "wound_resonance":0.2552276254,
    "wound_active":true,
    "identity_drift":0.3036872149,
    "trust_delta":null,
    "band_compliant":1
  },
  {
    "turn":32,
    "dilemma":"",
    "phase":"Final Vote",
    "speaker":"WITNESS",
    "word_count":95,
    "band":"OPEN",
    "text":"",
    "epsilon":0.5739717484,
    "rho_before":0.2139445354,
    "rho_after":0.1891223563,
    "delta_rho":-0.0248221791,
    "wound_resonance":0.1305151433,
    "wound_active":false,
    "identity_drift":0.2491792142,
    "trust_delta":null,
    "band_compliant":1
  }
]