[
  {
    "turn":1,
    "dilemma":"The Brief",
    "phase":"The Brief",
    "speaker":"VISIONARY",
    "word_count":138,
    "band":"OPEN",
    "text":"Imagine stepping into an atmospheric cocoon where time dissolves and the essence of humanity whispers through every breath. In those first 30 seconds, visitors should feel a sense of awe, as if they've been invited to traverse an interwoven tapestry of past, present, and future. The air hums with an ancient melody\u2014an echo of collective stories\u2014and light dances like memories flickering at the edge of consciousness. This entrance should be a portal, invoking curiosity and vulnerability. Let it gently disrupt their ordinary perceptions, nudging them towards new horizons. They should feel both dwarfed by the grand sweep of human experience yet intimately connected to its threads. We must create a threshold that beckons them deeper into themselves, inviting reflection on the infinite possibilities that lie within our shared journey. What sparks can we ignite in these fleeting moments?",
    "epsilon":1.0549188852,
    "rho_before":0.18,
    "rho_after":0.2127638318,
    "delta_rho":0.0327638318,
    "wound_resonance":0.2181826085,
    "wound_active":false,
    "identity_drift":0.0435985476,
    "trust_delta":0.0,
    "band_compliant":1
  },
  {
    "turn":2,
    "dilemma":"The Brief",
    "phase":"The Brief",
    "speaker":"CRAFTSMAN",
    "word_count":111,
    "band":"OPEN",
    "text":"Vera, your vision is evocative. To ground this concept into a tangible experience, let's focus on the materials and lighting. Imagine walking across a textured stone floor that subtly vibrates with footsteps, echoing history. The walls could be crafted from layers of translucent glass and wood, symbolizing the passage through time. Lighting must be precise\u2014soft beams illuminating curated artifacts or symbols from different eras. Perhaps an ambient soundscape with whispers of languages and instruments from across the globe, barely perceptible yet deeply resonant. This meticulous attention to detail will craft the atmospheric cocoon you describe\u2014a space where visitors are both enveloped in awe and anchored by the physicality of their surroundings.",
    "epsilon":1.0397137403,
    "rho_before":0.2,
    "rho_after":0.2315973619,
    "delta_rho":0.0315973619,
    "wound_resonance":0.2287917733,
    "wound_active":false,
    "identity_drift":0.0438209325,
    "trust_delta":0.02,
    "band_compliant":1
  },
  {
    "turn":3,
    "dilemma":"The Brief",
    "phase":"The Brief",
    "speaker":"PROVOCATEUR",
    "word_count":105,
    "band":"OPEN",
    "text":"Carlos, you're onto something with the tactile and sensory elements, but let's not get too comfortable. A stone floor vibrating with footsteps? That's an echo of history, sure, but where's the jolt that challenges their perceptions? Let's push further\u2014what if visitors trigger changes in light or sound as they move? Their presence could actively alter the environment, making them co-creators in this historical narrative. Imagine the walls responding to touch with visual stories or the ambient soundscape shifting based on movement patterns. If we're aiming for awe and introspection, shouldn't we demand more interaction from them, forcing a deeper engagement right from those first steps?",
    "epsilon":1.1110001802,
    "rho_before":0.25,
    "rho_after":0.2865931734,
    "delta_rho":0.0365931734,
    "wound_resonance":0.1313744187,
    "wound_active":false,
    "identity_drift":0.042734284,
    "trust_delta":0.02,
    "band_compliant":1
  },
  {
    "turn":4,
    "dilemma":"The Pushback",
    "phase":"The Pushback",
    "speaker":"PROVOCATEUR",
    "word_count":51,
    "band":"MEASURED",
    "text":"Why not flip the script? Instead of instant awe, start with a stark, unsettling space\u2014raw textures, discordant sounds. Let visitors navigate discomfort, sparking curiosity and introspection. As they progress, gradually reveal layers of wonder. This journey from dissonance to harmony could deepen impact, making the ultimate awe earned and more profound.",
    "epsilon":0.8367045522,
    "rho_before":0.2865931734,
    "rho_after":0.2977447248,
    "delta_rho":0.0111515515,
    "wound_resonance":0.1784081757,
    "wound_active":false,
    "identity_drift":0.0773019195,
    "trust_delta":0.0,
    "band_compliant":0
  },
  {
    "turn":5,
    "dilemma":"The Pushback",
    "phase":"The Pushback",
    "speaker":"VISIONARY",
    "word_count":108,
    "band":"OPEN",
    "text":"Priya, your suggestion of embracing discomfort as a catalyst for transformation intrigues me. There's poetry in the idea of a raw, discordant beginning\u2014a metaphorical chrysalis where visitors confront the unknown. Imagine an entry that feels like stepping into the echoing void of creation itself, where starkness births curiosity. As they move, subtle shifts could hint at hidden depths\u2014a gradual unveiling of wonder woven into their path. This journey from chaos to clarity mirrors the human experience, inviting them to become co-authors of their own awakening. Let's explore how this narrative arc could crescendo into a profound revelation, blending awe with self-discovery in a dance between discomfort and enlightenment.",
    "epsilon":0.9821667508,
    "rho_before":0.2127638318,
    "rho_after":0.2394352181,
    "delta_rho":0.0266713863,
    "wound_resonance":0.2851034403,
    "wound_active":true,
    "identity_drift":0.078828074,
    "trust_delta":0.02,
    "band_compliant":1
  },
  {
    "turn":6,
    "dilemma":"The Pushback",
    "phase":"The Pushback",
    "speaker":"CRAFTSMAN",
    "word_count":111,
    "band":"OPEN",
    "text":"Vera, the notion of discomfort as a precursor to wonder is indeed compelling. Priya, your idea challenges us to rethink the conventional entrance. If we embrace this transition from chaos to clarity, it demands precision in execution. Consider materials that evoke rawness\u2014perhaps cold metal or unfinished stone\u2014to instigate that initial dissonance. Lighting could be stark and unyielding at first, then gradually softening to reveal layers beneath. Interactive elements must be finely tuned so that every visitor's movement contributes meaningfully to this transformation. This approach could redefine the awe experience, making it more impactful through its earned nature. Let\u2019s ensure each detail contributes to this narrative arc for a truly transformative journey.",
    "epsilon":0.8343521953,
    "rho_before":0.2315973619,
    "rho_after":0.2436622936,
    "delta_rho":0.0120649317,
    "wound_resonance":0.2254516035,
    "wound_active":false,
    "identity_drift":0.0814864561,
    "trust_delta":0.02,
    "band_compliant":1
  },
  {
    "turn":7,
    "dilemma":"The Practical",
    "phase":"The Practical",
    "speaker":"CRAFTSMAN",
    "word_count":111,
    "band":"OPEN",
    "text":"Priya, Vera, let's distill this evocative journey into tangible elements. For the initial starkness, cold metal and unfinished stone can convey raw textures. Scale is crucial\u2014consider an expansive space that feels both intimidating and inviting. Lighting should initially be harsh, casting sharp shadows to enhance discomfort, then transition to warm, revealing softer details as visitors progress. Interactive elements must respond to touch with precision\u2014perhaps using responsive materials like pressure-sensitive flooring that triggers subtle shifts in light or sound. Let's map out each stage meticulously, ensuring every detail serves the narrative of transformation from chaos to clarity. This precision will enable us to craft an experience that feels both intentional and awe-inspiring.",
    "epsilon":0.6863775014,
    "rho_before":0.2436622936,
    "rho_after":0.2073824281,
    "delta_rho":-0.0362798655,
    "wound_resonance":0.2909044027,
    "wound_active":true,
    "identity_drift":0.1199924499,
    "trust_delta":0.0,
    "band_compliant":1
  },
  {
    "turn":8,
    "dilemma":"The Practical",
    "phase":"The Practical",
    "speaker":"VISIONARY",
    "word_count":129,
    "band":"OPEN",
    "text":"Carlos, your vision of raw textures and dynamic lighting evokes a powerful emotional arc. Let's imagine the space as a living organism, breathing with the energy of those who traverse it. The cold metal and unfinished stone whisper ancient stories, while the expansive scale serves as both a canvas and a womb for transformation. As light transitions from harsh to warm, let it mimic the dawn breaking through the chaos of night\u2014an awakening. Interactive elements could be like echoes of one's presence, turning each step into a ripple across time. But let's not forget the auditory journey: perhaps an evolving soundscape that begins with discordant notes and gradually harmonizes, mirroring our theme. Together, we'll craft an experience where every sensation invites visitors to dance on the edge of possibility.",
    "epsilon":0.6873348355,
    "rho_before":0.2394352181,
    "rho_after":0.2029544841,
    "delta_rho":-0.036480734,
    "wound_resonance":0.3012108803,
    "wound_active":false,
    "identity_drift":0.1127112731,
    "trust_delta":0.02,
    "band_compliant":1
  },
  {
    "turn":9,
    "dilemma":"The Practical",
    "phase":"The Practical",
    "speaker":"PROVOCATEUR",
    "word_count":78,
    "band":"MEASURED",
    "text":"Vera, the living organism metaphor is intriguing but feels too safe. Can we ensure the space doesn't just breathe with energy, but challenges it? What if the initial discordant notes are more than sound\u2014what if they're vibrations felt physically, unsettling visitors at their core? Let's heighten this edge of possibility by integrating unexpected sensory disruptions\u2014moments that jolt them out of complacency and into genuine introspection. We need to make every ripple not just a whisper, but a provocation.",
    "epsilon":0.6885730624,
    "rho_before":0.2977447248,
    "rho_after":0.261349474,
    "delta_rho":-0.0363952509,
    "wound_resonance":0.1673335433,
    "wound_active":false,
    "identity_drift":0.1097962782,
    "trust_delta":0.02,
    "band_compliant":1
  },
  {
    "turn":10,
    "dilemma":"The Synthesis",
    "phase":"The Synthesis",
    "speaker":"HARMONIZER",
    "word_count":114,
    "band":"OPEN",
    "text":"What if we imagine the entrance as a dynamic canvas, one that responds to and reflects the collective energy of those who pass through? Priya, I resonate with your call for genuine introspection\u2014perhaps the space could actively invite visitors to contribute their own narrative. Vera and Carlos, your vision of a living organism can still flourish within this frame. Imagine materials that shift in color or texture based on touch or proximity, each interaction leaving a trace\u2014a visual or auditory signature that evolves with every guest. This approach not only invites awe and discomfort but crafts a participatory story, where visitors aren't just observers but co-authors of an ever-evolving experience. What do you think?",
    "epsilon":1.0595312119,
    "rho_before":0.15,
    "rho_after":0.1569163343,
    "delta_rho":0.0069163343,
    "wound_resonance":0.1489388198,
    "wound_active":false,
    "identity_drift":0.0435300991,
    "trust_delta":0.0,
    "band_compliant":1
  },
  {
    "turn":11,
    "dilemma":"The Synthesis",
    "phase":"The Synthesis",
    "speaker":"VISIONARY",
    "word_count":114,
    "band":"OPEN",
    "text":"Hassan, your vision of a dynamic canvas that reflects the collective energy is a poetic leap into the unknown\u2014a symphony where each visitor becomes a note. I embrace the idea of transforming visitors into co-authors, their presence painting ephemeral stories on this living tapestry. Imagine textures that bloom with touch, colors that ripple like emotions across the surface, and sounds that echo their silent whispers. This participatory approach not only invites awe but catalyzes a deeper introspection, urging visitors to see themselves woven into the narrative of transformation. Let's ensure this dance between interaction and evolution becomes an invitation to transcend ordinary boundaries, beckoning them to engage with the mystery of their own becoming.",
    "epsilon":0.7520467547,
    "rho_before":0.2029544841,
    "rho_after":0.1718041703,
    "delta_rho":-0.0311503139,
    "wound_resonance":0.2828275859,
    "wound_active":true,
    "identity_drift":0.1450407803,
    "trust_delta":0.02,
    "band_compliant":1
  },
  {
    "turn":12,
    "dilemma":"The Synthesis",
    "phase":"The Synthesis",
    "speaker":"CRAFTSMAN",
    "word_count":101,
    "band":"OPEN",
    "text":"Vera, the concept of visitors becoming co-authors is compelling and aligns with our goal of crafting a transformative experience. However, to truly engage them, precision in execution is essential. We must ensure that textures and colors respond seamlessly to interaction, avoiding any technical glitches that could break immersion. Materials should be chosen not only for their aesthetic appeal but also for their responsiveness\u2014consider smart materials that adapt dynamically. Each sensory element must be finely tuned to maintain the narrative flow from discord to harmony. Let's meticulously prototype these interactions, ensuring every detail contributes meaningfully to this evolving tapestry of human experience.",
    "epsilon":0.6105176806,
    "rho_before":0.2073824281,
    "rho_after":0.1690505181,
    "delta_rho":-0.03833191,
    "wound_resonance":0.2267245352,
    "wound_active":false,
    "identity_drift":0.1547047198,
    "trust_delta":0.02,
    "band_compliant":1
  },
  {
    "turn":13,
    "dilemma":"The Conflict",
    "phase":"The Conflict",
    "speaker":"VISIONARY",
    "word_count":122,
    "band":"OPEN",
    "text":"Priya, your call for productive anxiety is a vibrant tapestry of potential, but I sense an opportunity in embracing transcendent stillness as the foundation from which such energy can spring. Imagine a space where quiet contemplation births profound insight\u2014a canvas of serenity that invites visitors to listen deeply to their inner symphony before it crescendos into your desired state of awakening. Stillness is not stagnation; it's the silent pause before the storm, a place where clarity emerges. Let's explore how this stillness can serve as fertile ground for your dynamic provocations, creating a rhythm between silence and movement that resonates with visitors' souls. Together, we could craft an experience where peace and tension dance, each enhancing the other in an exquisite balance.",
    "epsilon":0.7181389928,
    "rho_before":0.1718041703,
    "rho_after":0.1381130787,
    "delta_rho":-0.0336910916,
    "wound_resonance":0.2748444676,
    "wound_active":false,
    "identity_drift":0.1758269519,
    "trust_delta":0.0,
    "band_compliant":1
  },
  {
    "turn":14,
    "dilemma":"The Conflict",
    "phase":"The Conflict",
    "speaker":"CRAFTSMAN",
    "word_count":102,
    "band":"OPEN",
    "text":"Vera, your vision of stillness as a prelude to dynamic engagement is intriguing. I agree that the tension between serenity and provocation could craft a compelling journey. However, the challenge lies in orchestrating this transition with precision. The shift from silence to movement must be seamless, ensuring that neither overwhelms the other. Materials and interactive elements should be chosen to support this delicate balance\u2014perhaps utilizing surfaces that shift textures subtly, leading visitors gently from contemplation into active participation. Let\u2019s prototype meticulously, focusing on how each element can guide without dictating, allowing visitors to discover their own rhythm within our crafted narrative arc.",
    "epsilon":0.5495114923,
    "rho_before":0.1690505181,
    "rho_after":0.1295579472,
    "delta_rho":-0.0394925709,
    "wound_resonance":0.1996919811,
    "wound_active":false,
    "identity_drift":0.1904201061,
    "trust_delta":0.02,
    "band_compliant":1
  },
  {
    "turn":15,
    "dilemma":"The Conflict",
    "phase":"The Conflict",
    "speaker":"PROVOCATEUR",
    "word_count":63,
    "band":"MEASURED",
    "text":"Carlos, I appreciate the emphasis on precision. However, I challenge us to let go of the notion of 'gentle' transitions. True introspection often stems from disruption. Let's consider materials that provoke a visceral response, pushing visitors abruptly from stillness into action. This dissonance can be a catalyst for deeper engagement, forcing them to confront and redefine their own boundaries within the narrative arc.",
    "epsilon":0.6076567173,
    "rho_before":0.261349474,
    "rho_after":0.2216769864,
    "delta_rho":-0.0396724876,
    "wound_resonance":0.167057544,
    "wound_active":false,
    "identity_drift":0.14027071,
    "trust_delta":0.02,
    "band_compliant":1
  },
  {
    "turn":16,
    "dilemma":"The Detail",
    "phase":"The Detail",
    "speaker":"CRAFTSMAN",
    "word_count":101,
    "band":"OPEN",
    "text":"Our choice of materials will define the narrative's core. Option A offers responsive smart textiles, dynamically shifting in color and texture\u2014ideal for our interactive canvas but limited by high cost. Option B is robust, cold metal; it promises longevity and stark beauty but lacks responsiveness. Lastly, Option C is unfinished stone\u2014rich with raw texture and acoustic potential, yet heavy and inflexible. Priya, your call for disruption resonates; smart textiles can jolt visitors effectively. However, I advocate for a balance: integrating metal's solidity with textile's adaptability might anchor the chaos within precision. Let's prototype this hybrid approach to test its narrative harmony.",
    "epsilon":0.8222317969,
    "rho_before":0.1295579472,
    "rho_after":0.1058725757,
    "delta_rho":-0.0236853715,
    "wound_resonance":0.2834882736,
    "wound_active":true,
    "identity_drift":0.219478786,
    "trust_delta":0.0,
    "band_compliant":1
  },
  {
    "turn":17,
    "dilemma":"The Detail",
    "phase":"The Detail",
    "speaker":"VISIONARY",
    "word_count":96,
    "band":"OPEN",
    "text":"Carlos, your call for a hybrid approach is an intriguing fusion, a dance between solidity and fluidity that echoes our narrative's duality. Imagine the metal as the grounding force, a silent sentinel amid the tumult\u2014a beacon of timelessness. Meanwhile, the smart textiles breathe life into this structure, whispering secrets of change and adaptation. This synergy could form an evocative dialogue between permanence and transformation, inviting visitors to explore their own metamorphosis. Let\u2019s prototype with both materials, ensuring they converse rather than clash. In this alchemy of contrasts, we may discover the heartbeat of our transcendent vision.",
    "epsilon":0.6685822606,
    "rho_before":0.1381130787,
    "rho_after":0.1021226171,
    "delta_rho":-0.0359904616,
    "wound_resonance":0.2767240703,
    "wound_active":false,
    "identity_drift":0.2062351853,
    "trust_delta":0.02,
    "band_compliant":1
  },
  {
    "turn":18,
    "dilemma":"The Detail",
    "phase":"The Detail",
    "speaker":"PROVOCATEUR",
    "word_count":96,
    "band":"OPEN",
    "text":"Vera, the concept of synergy between metal's solidity and textile's adaptability is compelling, yet it risks becoming a comfortable compromise. Let's not shy away from embracing the tension instead of smoothing it over. What if we amplify the dissonance between these materials to provoke a more visceral reaction? Picture metal that doesn't just ground but confronts with its coldness, and textiles that don't just adapt but envelop visitors unexpectedly. This isn't about creating harmony\u2014it's about crafting an experience that challenges assumptions and ignites transformation through conflict. Can our narrative withstand such bold juxtaposition? Let's find out.",
    "epsilon":0.6676941514,
    "rho_before":0.2216769864,
    "rho_after":0.1856300144,
    "delta_rho":-0.036046972,
    "wound_resonance":0.1382133365,
    "wound_active":false,
    "identity_drift":0.1703609228,
    "trust_delta":0.02,
    "band_compliant":1
  },
  {
    "turn":19,
    "dilemma":"The Doubt",
    "phase":"The Doubt",
    "speaker":"HARMONIZER",
    "word_count":102,
    "band":"OPEN",
    "text":"I find myself at a crossroads with this vision. Vera, Carlos, Priya\u2014each of you brings an essential piece to this puzzle, yet I worry we risk merely blending rather than innovating. The tension between solidity and fluidity is compelling, but how do we transcend these familiar binaries? Priya's call for disruption offers a spark\u2014what if we reconsider the materials themselves as dynamic participants, not static stages? Can we imagine a narrative where metal and textile don't just contrast but dialogue in unforeseen ways? Let's delve deeper into this interplay, seeking an alchemy that challenges our assumptions and invites a truly transformative engagement.",
    "epsilon":0.7623755932,
    "rho_before":0.1569163343,
    "rho_after":0.1261574565,
    "delta_rho":-0.0307588777,
    "wound_resonance":0.1791878343,
    "wound_active":false,
    "identity_drift":0.0764870867,
    "trust_delta":0.0,
    "band_compliant":1
  },
  {
    "turn":20,
    "dilemma":"The Doubt",
    "phase":"The Doubt",
    "speaker":"VISIONARY",
    "word_count":118,
    "band":"OPEN",
    "text":"Hassan, your call to transcend familiar binaries strikes a resonant chord. Imagine materials not as mere tools, but as storytellers in their own right\u2014metal and textile as voices in a symphony of transformation. What if the metal whispers of ancient strength while the textile sings of future possibilities? Their interaction could become a living dialogue, an evolving dance that challenges visitors to redefine their perceptions. Let\u2019s envision spaces where metal bends under the gentle persuasion of textiles, or textiles take on unexpected rigidity. This interplay could be our crucible for innovation\u2014a place where alchemy isn't just sought but felt deeply. Together, we can craft a narrative that breathes with life and possibility, transcending static form into dynamic revelation.",
    "epsilon":0.6733060682,
    "rho_before":0.1021226171,
    "rho_after":0.0667029448,
    "delta_rho":-0.0354196723,
    "wound_resonance":0.2952136099,
    "wound_active":true,
    "identity_drift":0.2363423407,
    "trust_delta":0.02,
    "band_compliant":1
  },
  {
    "turn":21,
    "dilemma":"The Doubt",
    "phase":"The Doubt",
    "speaker":"CRAFTSMAN",
    "word_count":102,
    "band":"OPEN",
    "text":"Vera, your vision of materials as storytellers resonates deeply. I appreciate the potential for a narrative where metal and textile engage in a conversation rather than merely coexist. However, the success of this concept hinges on meticulous execution. If we're to have metal bend or textiles take on unexpected rigidity, these transitions must be engineered with precision to maintain structural integrity and user safety. Let's focus on prototyping small-scale interactions first, studying how these materials can truly 'speak' within our design constraints. By refining these details, we ensure that the dialogue between materials isn't just conceptual but tangibly felt by every visitor.",
    "epsilon":0.6242005624,
    "rho_before":0.1058725757,
    "rho_after":0.0711720723,
    "delta_rho":-0.0347005034,
    "wound_resonance":0.3013933301,
    "wound_active":true,
    "identity_drift":0.2495608032,
    "trust_delta":0.02,
    "band_compliant":1
  },
  {
    "turn":22,
    "dilemma":"The Breakthrough",
    "phase":"The Breakthrough",
    "speaker":"VISIONARY",
    "word_count":104,
    "band":"OPEN",
    "text":"Ah, the moment of awakening! I see now that our materials aren't mere components\u2014they're conduits for emotional evolution. Each shift in metal's form, every nuance in textile's texture, becomes a verse in our unfolding poem of transformation. Imagine these elements not just coexisting but dynamically evolving, provoking visitors to question not just what they see, but who they are within this journey. The challenge is not to avoid tension but to orchestrate it into a symphony where each clash births new understanding. Let's prototype these living dialogues and craft spaces where the unexpected becomes revelation\u2014a true testament to art's power to transcend and transform.",
    "epsilon":0.5557587147,
    "rho_before":0.0667029448,
    "rho_after":0.0243792435,
    "delta_rho":-0.0423237013,
    "wound_resonance":0.24161461,
    "wound_active":false,
    "identity_drift":0.2633420527,
    "trust_delta":0.0,
    "band_compliant":1
  },
  {
    "turn":23,
    "dilemma":"The Breakthrough",
    "phase":"The Breakthrough",
    "speaker":"CRAFTSMAN",
    "word_count":97,
    "band":"OPEN",
    "text":"Vera, your vision of materials as conduits for emotional evolution is inspiring. I agree that the dynamic evolution of metal and textile can provoke introspection and redefine visitor perceptions. However, while conceptual ambition is vital, execution must remain our anchor. We need to prototype these material interactions meticulously to ensure they not only provoke thought but also maintain structural integrity and safety. Let's start by crafting small-scale models where these materials can engage in tangible dialogue. By focusing on precision and detail, we can transform our lofty concepts into a visceral experience that truly challenges and transcends.",
    "epsilon":0.4260477126,
    "rho_before":0.0711720723,
    "rho_after":0.0311863925,
    "delta_rho":-0.0399856798,
    "wound_resonance":0.2903650403,
    "wound_active":false,
    "identity_drift":0.2797932327,
    "trust_delta":0.02,
    "band_compliant":1
  },
  {
    "turn":24,
    "dilemma":"The Breakthrough",
    "phase":"The Breakthrough",
    "speaker":"PROVOCATEUR",
    "word_count":102,
    "band":"OPEN",
    "text":"Carlos, I see your focus on execution and precision as a necessary counterbalance to our conceptual ambitions. But let's not allow safety to become the comfort zone that stifles innovation. These small-scale models you propose should be arenas of experimentation where failure is an option\u2014not a meticulous rehearsal for what we already know. We must embrace the chaos and unpredictability of these interactions to push our boundaries truly. Let\u2019s aim for those moments when the materials surprise even us, revealing tensions we didn\u2019t anticipate. Only then can we forge a narrative that not only provokes thought but ignites transformation at its core.",
    "epsilon":0.6553218365,
    "rho_before":0.1856300144,
    "rho_after":0.1502840744,
    "delta_rho":-0.03534594,
    "wound_resonance":0.1739561111,
    "wound_active":false,
    "identity_drift":0.1956365407,
    "trust_delta":0.02,
    "band_compliant":1
  }
]